descricao_de_mercado,unidade,valor_rj_2012,valor_rj_2026_ipca,fator_correcao_ipca
ADVOGADO,MENSAL,1630.99,3562.809363439993,2.1844458662775326
ARQUITETO SENIOR,HORA,74.03,161.71452748052573,2.1844458662775326
ARQUITETO PLENO,HORA,42.05,91.85594867697024,2.1844458662775326
ENGENHEIRO CIVIL,HORA,47.71,104.21991228010108,2.1844458662775326
ENGENHEIRO CIVIL,HORA,72.69,158.78737001971385,2.1844458662775326
ARTE-FINALISTA,SEMANA,1669.33,3646.561017953073,2.1844458662775326
ASSISTENTE DE,SEMANA,626.85,1369.3198912760713,2.1844458662775326
ASSISTENTE DE,SEMANA,469.7,1026.034223390557,2.1844458662775326
ASSISTENTE MAQUIADOR,SEMANA,626.85,1369.3198912760713,2.1844458662775326
ASSISTENTE DE,SEMANA,401.89,877.9069491982775,2.1844458662775326
ASSISTENTE DE SOM,SEMANA,940.28,2053.9907591434385,2.1844458662775326
ASSISTENTE ANIMADOR,SEMANA,444.97,972.0128771175138,2.1844458662775326
ASSISTENTE DE DIRETOR,SEMANA,562.75,1229.2969112476815,2.1844458662775326
ASSISTENTE DE,SEMANA,398.0,869.409454778458,2.1844458662775326
ASSISTENTE DE,SEMANA,469.7,1026.034223390557,2.1844458662775326
AUXILIAR DE SERVIÇOS,MENSAL,690.0,1507.2676477314974,2.1844458662775326
ACOMPANHAMENTO DE,DIÁRIA,1215.0,2654.101727527202,2.1844458662775326
BILHETEIRO,MENSAL,799.9,1747.3382484353983,2.1844458662775326
REPÓRTER,MENSAL,7394.0,16151.792735256076,2.1844458662775326
CINEGRAFISTA,SEMANA,1293.35,2825.2530611500465,2.1844458662775326
CONTADOR ADMINISTRADOR (RECÉM-,MENSAL,1861.44,4066.2149133236503,2.1844458662775326
FORMADO),MENSAL,3732.0,8152.351972947751,2.1844458662775326
ADMINISTRADOR (MAIS COORDENADOR DE,MENSAL,4976.0,10869.802630597002,2.1844458662775326
DIREÇÃO COORDENADOR DE,SEMANA,1358.18,2966.8706866608195,2.1844458662775326
MONTAGEM LUZ/SOM,DIÁRIA,799.27,1745.9620475396434,2.1844458662775326
COSTUREIRA (CINEMA),SEMANA,626.85,1369.3198912760713,2.1844458662775326
DIREÇÃO MUSICAL,SEMANA,827.43,1807.4760431340187,2.1844458662775326
ESTAGIÁRIO CONSULTOR FINANCEIRO (FATURAMENTO BRUTO,SEMANA,142.97,312.3102255016988,2.1844458662775326
"ANUAL DE ATÉ R$ 240.000,00) CONSULTOR FINANCEIRO (FATURAMENTO BRUTO ANUAL DE R$ 240.000,00",HORA,50.3,109.87762707375988,2.1844458662775326
"A R$ 2.400.000,00) CONSULTOR FINANCEIRO (FATURAMENTO BRUTO",HORA,140.75,307.4607556785627,2.1844458662775326
"ANUAL ACIMA DE R$ 2.400.001,00)",HORA,225.0,491.5003199124448,2.1844458662775326
ARTISTA CIRCENSE,MENSAL,1452.0,3171.8153978349774,2.1844458662775326
MOTOBOY,MENSAL,721.18,1575.3786698420308,2.1844458662775326
BOY DE SET,MENSAL,258.7,565.1161456059976,2.1844458662775326
PIANISTA,HORA,140.0,305.82242127885456,2.1844458662775326
PROGRAMADOR,MENSAL,1235.94,2699.8440239670535,2.1844458662775326
DESIGNER JÚNIOR SECRETÁRIA DE,SEMANA,3021.0,6599.2109620244255,2.1844458662775326
PRODUÇÃO,SEMANA,626.85,1369.3198912760713,2.1844458662775326
LOCUTOR,DIÁRIA,290.0,633.4893012204844,2.1844458662775326
PARA MONITOR OPERADOR DE 2º,SEMANA,942.0,2057.7480060334356,2.1844458662775326
CÂMERA,SEMANA,1016.44,2220.358156319135,2.1844458662775326
OPERADOR DE BOOM,SEMANA,356.79,779.3884406291609,2.1844458662775326
OPERADOR DE CABO OPERADOR DE,SEMANA,469.7,1026.034223390557,2.1844458662775326
CARACTERES OPERADOR DE EDICAO,SEMANA,689.26,1505.651157790452,2.1844458662775326
(EDITOR EM VIDEO) OPERADOR DE,SEMANA,827.43,1807.4760431340187,2.1844458662775326
ESTEREOSCOPIA,SEMANA,961.2,2099.6893666659644,2.1844458662775326
OPERADOR DE GERADOR,SEMANA,1016.44,2220.358156319135,2.1844458662775326
OPERADOR DE HD OPERADOR DE MESA DE,SEMANA,1669.33,3646.561017953073,2.1844458662775326
CORTE OPERADOR DE,SEMANA,709.24,1549.2963861986773,2.1844458662775326
MICROFONE OPERADOR DE,SEMANA,777.97,1699.4333505879322,2.1844458662775326
STEADCAM OPERADOR DE,SEMANA,1669.28,3646.4517956597597,2.1844458662775326
TELEPROMPTER,SEMANA,689.26,1505.651157790452,2.1844458662775326
OPERADOR DE VT CONSULTOR DE ORÇAMENTO,SEMANA,199.0,434.704727389229,2.1844458662775326
"(FATURAMENTO BRUTO ANUAL DE ATÉ R$ 240.000,00) CONSULTOR DE ORÇAMENTO (FATURAMENTO BRUTO",HORA,50.3,109.87762707375988,2.1844458662775326
"ANUAL DE R$ 240.000,00 A R$ 2.400.000,00) CONSULTOR DE ORÇAMENTO",HORA,140.75,307.4607556785627,2.1844458662775326
"(FATURAMENTO BRUTO ANUAL ACIMA DE R$ 2.400.001,00) CONSULTOR DE ADMINISTRAÇÃO E SELEÇÃO DE PESSOAL",HORA,225.0,491.5003199124448,2.1844458662775326
"(FATURAMENTO BRUTO ANUAL DE ATÉ R$ 240.000,00) CONSULTOR DE ADMINISTRAÇÃO E SELEÇÃO DE PESSOAL",HORA,50.3,109.87762707375988,2.1844458662775326
"(FATURAMENTO BRUTO ANUAL DE R$ 240.000,00 A R$ 2.400.000,00) CONSULTOR DE ADMINISTRAÇÃO E SELEÇÃO DE PESSOAL",HORA,140.75,307.4607556785627,2.1844458662775326
"(FATURAMENTO BRUTO ANUAL ACIMA DE R$ 2.400.001,00)",HORA,225.0,491.5003199124448,2.1844458662775326
PUBLICITÁRIO,MENSAL,852.0,1861.1478780684577,2.1844458662775326
DIRETOR DE VT SUPERVISOR DE EDICAO,SEMANA,1063.86,2323.9445792980155,2.1844458662775326
SOM,SEMANA,961.2,2099.6893666659644,2.1844458662775326
DIRETOR DE IMAGEM GAFFER,SEMANA,2447.3,5345.994368541006,2.1844458662775326
(ELETRICISTA/ILUMINADOSEMANA R DIRETOR) COORDENADOR DE,,1822.02,3980.10405727499,2.1844458662775326
TRANSPORTE,SEMANA,1149.23,2510.4307229021288,2.1844458662775326
ARRANJADOR,POR ARRANJO,1660.0,3626.180138020704,2.1844458662775326
ARTE-EDUCADOR,SEMANA,1100.0,2402.8904529052857,2.1844458662775326
ASSESSOR DE IMPRENSA,MENSAL,2617.0,5716.6948320483025,2.1844458662775326
DE CÂMERA ASSISTENTE DE,SEMANA,1358.18,2966.8706866608195,2.1844458662775326
CENOGRAFIA ASSISTENTE DE,SEMANA P/APRESENTAÇ,940.28,2053.9907591434385,2.1844458662775326
COREÓGRAFO,ÃO,216.0,471.84030711594704,2.1844458662775326
DE DIRETOR ASSISTENTE DE DIRETOR,SEMANA,1358.18,2966.8706866608195,2.1844458662775326
DE ARTE,SEMANA,727.07,1588.2450559944057,2.1844458662775326
ASSISTENTE DE EDITOR,SEMANA,995.03,2173.589170322133,2.1844458662775326
ASSISTENTE DE FIGURINO ASSISTENTE DE,SEMANA,940.28,2053.9907591434385,2.1844458662775326
ILUMINAÇÃO ASSISTENTE DE,DIÁRIA,155.59,339.8779323341213,2.1844458662775326
MONSTAGEM / AVID ASSISTENTE DE,SEMANA,940.28,2053.9907591434385,2.1844458662775326
PRODUÇÃO,SEMANA,1149.23,2510.4307229021288,2.1844458662775326
ASSISTENTE DE SOM ATOR/ATRIZ (TEATRO,SEMANA,940.28,2053.9907591434385,2.1844458662775326
ADULTO),SEMANA,1100.0,2402.8904529052857,2.1844458662775326
ATOR/ATRIZ (TV),MENSAL,1826.0,3988.7981518227743,2.1844458662775326
AUXILIAR DE ESCRITÓRIO,MENSAL P/APRESENTAÇ,903.87,1974.4550851522733,2.1844458662775326
BAILARINOS BOLSA DE APOIO,ÃO,197.0,430.3358356566739,2.1844458662775326
TÉCNICO À PESQUISA - NÍVEL SUPERIOR,MENSAL,550.0,1201.4452264526428,2.1844458662775326
BOLSA DE MESTRADO,MENSAL,1200.0,2621.335039533039,2.1844458662775326
BOMBEIRO,MENSAL,1278.2,2792.158706275942,2.1844458662775326
CABELEIREIRO DE TEATROSEMANA CABELEIREIRO PARA,,687.38,1501.5443995618502,2.1844458662775326
INDUSTRIA CINEMATOGRAFICA,SEMANA,1149.23,2510.4307229021288,2.1844458662775326
CAMAREIRA,SEMANA P/APRESENTAÇ,461.25,1007.5756558205119,2.1844458662775326
CANTOR / SOLISTA CANTOR / SOLISTA -,ÃO,919.03,2007.5712844850407,2.1844458662775326
CACHÊ DE ENSAIO,ENSAIO,919.03,2007.5712844850407,2.1844458662775326
CENÓGRAFO,SEMANA,1671.62,3651.563398986849,2.1844458662775326
CENOTÉCNICO,SEMANA,914.59,1997.8723448387686,2.1844458662775326
CONTINUISTA CONTRA-REGRA DE,SEMANA,1149.23,2510.4307229021288,2.1844458662775326
TEATRO CONTRA-REGRA PARA,SEMANA,586.17,1280.4566334359013,2.1844458662775326
INDUSTRIA CINEMATOGRAFICA COORDENADOR,SEMANA,940.28,2053.9907591434385,2.1844458662775326
ADMINISTRATIVO,SEMANA,1149.23,2510.4307229021288,2.1844458662775326
PRODUÇÃO COORDENADOR,SEMANA,1422.86,3108.16064529165,2.1844458662775326
EDITORIAL,MENSAL P/APRESENTAÇ,7715.99,16855.162459738778,2.1844458662775326
COREÓGRAFO,ÃO,255.0,557.0336959007708,2.1844458662775326
COSTUREIRA,SEMANA,562.38,1228.4886662771587,2.1844458662775326
DESIGNER PLENO DIRETOR ARTÍSTICO E,MENSAL,4315.72,9427.456714011274,2.1844458662775326
MUSICAL DIRETOR,SEMANA,1300.29,2840.4131154620127,2.1844458662775326
CINEMATOGRÁFICO,SEMANA,2716.38,5933.785062238964,2.1844458662775326
DIRETOR DE ARTE,SEMANA,1880.56,4107.981518286877,2.1844458662775326
DIRETOR DE FOTOGRAFIA DIRETOR DE PALCO OU,SEMANA,1880.56,4107.981518286877,2.1844458662775326
DE CENA,SEMANA,777.1,1697.5328826842706,2.1844458662775326
DE PRODUÇÃO,SEMANA,1515.58,3310.7024660129027,2.1844458662775326
DIRETOR GERAL,SEMANA,1860.66,4064.511045547954,2.1844458662775326
"DRAMATURGO EDITOR (PROFISSIONAIS DE CURTA, MÉDIA E",POR OBRA,22655.28,49489.23274536005,2.1844458662775326
LONGA DURAÇÃO),P/FILME,1816.98,3969.094450108951,2.1844458662775326
ELETRICISTA ENSAIADOR (CONTRATO,SEMANA,914.59,1997.8723448387686,2.1844458662775326
MENSAL),MENSAL,2100.0,4587.336319182818,2.1844458662775326
FIGURANTES,SEMANA,500.0,1092.2229331387664,2.1844458662775326
FIGURINISTA,SEMANA,1692.53,3697.240162050712,2.1844458662775326
FONOAUDIÓLOGO FOTOGRAFO DE CENA,MENSAL,1861.44,4066.2149133236503,2.1844458662775326
(STILL),SEMANA,940.28,2053.9907591434385,2.1844458662775326
ILUMINADOR,SEMANA,1063.86,2323.9445792980155,2.1844458662775326
MAQUIADOR,SEMANA,517.63,1130.7347137612392,2.1844458662775326
MAQUINISTA,SEMANA,1253.73,2738.705315928131,2.1844458662775326
MARCENEIRO,SEMANA,527.85,1153.0597505145956,2.1844458662775326
MICROFONISTA,SEMANA,1253.73,2738.705315928131,2.1844458662775326
MONTADOR,SEMANA,1880.56,4107.981518286877,2.1844458662775326
MOTORISTA,MENSAL,800.0,1747.5566930220261,2.1844458662775326
MUSEÓLOGO MÚSICO BASE - CACHÊ DE,MENSAL,5026.69,10980.53219155861,2.1844458662775326
ENSAIO,ENSAIO,980.0,2140.756948951982,2.1844458662775326
MÚSICO COMPLEMENTO- CACHÊ DE ENSAIO MÚSICO CORO - CACHÊ,P/APRESENTAÇ ÃO,750.0,1638.3343997081495,2.1844458662775326
DE ENSAIO,ENSAIO P/APRESENTAÇ,280.0,611.6448425577091,2.1844458662775326
MÚSICO DE BASE MÚSICO DE,ÃO,980.0,2140.756948951982,2.1844458662775326
COMPLEMENTO,ENSAIO P/APRESENTAÇ,610.0,1332.511978429295,2.1844458662775326
MÚSICO DE CORO,ÃO P/APRESENTAÇ,610.0,1332.511978429295,2.1844458662775326
MÚSICOS / INTÉRPRETES,ÃO,2340.0,5111.603327089426,2.1844458662775326
OPERADOR DE CÃMERA,SEMANA,1671.62,3651.563398986849,2.1844458662775326
OPERADOR DE CANHÃO,SEMANA,461.25,1007.5756558205119,2.1844458662775326
OPERADOR DE LUZ,SEMANA,864.97,1889.4801409540773,2.1844458662775326
OPERADOR DE SOM,SEMANA,864.97,1889.4801409540773,2.1844458662775326
OPERADOR DE VÍDEO,SEMANA P/APRESENTAÇ,1063.86,2323.9445792980155,2.1844458662775326
ORQUESTRA PESQUISADOR,ÃO,610.0,1332.511978429295,2.1844458662775326
CINEMATOGRÁFICO,SEMANA,1880.56,4107.981518286877,2.1844458662775326
PINTOR PRODUTOR,MENSAL,1267.13,2767.9768905362503,2.1844458662775326
CINEMATOGRÁFICO,SEMANA,1149.23,2510.4307229021288,2.1844458662775326
PRODUTOR DE FIGURINO PRODUTOR DE,SEMANA,1149.23,2510.4307229021288,2.1844458662775326
FINALIZAÇÃO,P/FILME,363.54,794.1334502265343,2.1844458662775326
PRODUTOR EXECUTIVO,SEMANA,2402.94,5249.092349912934,2.1844458662775326
PROFESSOR DE TEATRO PROFESSOR DE TEATRO,SEMANA,728.69,1591.7838582977754,2.1844458662775326
(COM LICENCIATURA),HORA-AULA,46.52,101.62042169923082,2.1844458662775326
RECEPCIONISTA,SALÁRIO P/APRESENTAÇ,782.37,1709.0449123995531,2.1844458662775326
REGENTE,ÃO,1660.0,3626.180138020704,2.1844458662775326
ROTEIRISTA,POR OBRA,12955.08,28299.670953294735,2.1844458662775326
SECRETÁRIA,SEMANA,1026.31,2241.9186370192942,2.1844458662775326
SERRALHEIRO,MENSAL P/APRESENTAÇ,970.09,2119.1090904171715,2.1844458662775326
SOLISTA,ÃO,178.0,388.8313641974008,2.1844458662775326
SONOPLASTA,SEMANA,709.24,1549.2963861986773,2.1844458662775326
TÉCNICO DE SEGURANÇA,MENSAL,2261.6,4940.3427711732675,2.1844458662775326
TÉCNICO DE SOM,SEMANA,1880.56,4107.981518286877,2.1844458662775326
TÉCNICO DE SOM GUIA TÉCNICO EFEITOS,SEMANA,1218.56,2661.87835481115,2.1844458662775326
ESPECIAIS,SEMANA,1358.18,2966.8706866608195,2.1844458662775326
TRADUTOR,DIÁRIA,1650.0,3604.3356793579287,2.1844458662775326
TRADUTOR E ADAPTADORP/PALAVRA,,0.35,0.7645560531971364,2.1844458662775326
VIGILANTE,MENSAL,924.48,2019.4765144562534,2.1844458662775326
WEB DESIGNER,MENSAL,1647.82,3599.5735873694434,2.1844458662775326
